Title,URL
Estimation of distribution algorithms without explicit selections,https://www.webofscience.com/wos/woscc/full-record/WOS:000227679300015
Nonlinear Parameter Estimation via Estimation of Distribution Algorithms,https://www.webofscience.com/wos/woscc/full-record/WOS:000259605300041
Subspace estimation of distribution algorithms: To perturb part of all variables in estimation of distribution algorithms,https://www.webofscience.com/wos/woscc/full-record/WOS:000287479200004
Estimation of Distribution Algorithms For Job Schedule Problem,https://www.webofscience.com/wos/woscc/full-record/WOS:000272834400002
Customized Selection in Estimation of Distribution Algorithms,https://www.webofscience.com/wos/woscc/full-record/WOS:000354867200009
Towards Automated Selection of Estimation of Distribution Algorithms,https://www.webofscience.com/wos/woscc/full-record/WOS:000322071400063
Analysis and Research Models of the Estimation of Distribution Algorithms,https://www.webofscience.com/wos/woscc/full-record/WOS:000304720100460
Cooperative Coevolution and Univariate Estimation of Distribution Algorithms,https://www.webofscience.com/wos/woscc/full-record/WOS:000271691500015
A new initialization procedure for the distributed estimation of distribution algorithms,https://www.webofscience.com/wos/woscc/full-record/WOS:000288253400008
Memetic Algorithms of Graph-Based Estimation of Distribution Algorithms,https://www.webofscience.com/wos/woscc/full-record/WOS:000380559600051
Research and New Development of Application of the Estimation of Distribution Algorithms,https://www.webofscience.com/wos/woscc/full-record/WOS:000272834800001
Affinity Propagation Enhanced by Estimation of Distribution Algorithms,https://www.webofscience.com/wos/woscc/full-record/WOS:000322137100042
Wrapper discretization by means of estimation of distribution algorithms,https://www.webofscience.com/wos/woscc/full-record/WOS:000250774800006
An Improved Estimation of Distribution Algorithms based on the Minimal Free Energy,https://www.webofscience.com/wos/woscc/full-record/WOS:000339362300210
Decentralized Estimation of Distribution Algorithms for Large Scale Networked Systems,https://www.webofscience.com/wos/woscc/full-record/WOS:000459239503185
Multi-objective Counterfactuals in Bayesian Classifiers with Estimation of Distribution Algorithms,https://www.webofscience.com/wos/woscc/full-record/WOS:001347210900024
Space complexity of estimation of distribution algorithms,https://www.webofscience.com/wos/woscc/full-record/WOS:000227633700008
Formalization Description of Estimation of Distribution Algorithms Based on Intelligent Computation Framework,https://www.webofscience.com/wos/woscc/full-record/WOS:000259965700113
Classification Scheme of Multi-objective Estimation of Distribution Algorithms,https://www.webofscience.com/wos/woscc/full-record/WOS:000326235303008
The effectiveness of mutation operation in the case of Estimation of Distribution Algorithms,https://www.webofscience.com/wos/woscc/full-record/WOS:000244128500019
Mateda-2.0: Estimation of Distribution Algorithms in MATLAB,https://www.webofscience.com/wos/woscc/full-record/WOS:000281587800001
Estimation of Distribution Algorithms for the Firefighter Problem,https://www.webofscience.com/wos/woscc/full-record/WOS:000417370500008
Does overfitting affect performance in estimation of distribution algorithms,https://www.webofscience.com/wos/woscc/full-record/WOS:000249917300069
A review of message passing algorithms in estimation of distribution algorithms,https://www.webofscience.com/wos/woscc/full-record/WOS:000371310400014
On the convergence of a class of estimation of distribution algorithms,https://www.webofscience.com/wos/woscc/full-record/WOS:000220968200004
An introduction and survey of estimation of distribution algorithms,https://www.webofscience.com/wos/woscc/full-record/WOS:000209360100001
Porting Estimation of Distribution Algorithms to the Cell Broadband Engine,https://www.webofscience.com/wos/woscc/full-record/WOS:000283210200005
Extending a class of continuous estimation of distribution algorithms to dynamic problems,https://www.webofscience.com/wos/woscc/full-record/WOS:000261234500014
Estimation of Distribution Algorithms with Graph Kernels for Graphs with Node Types,https://www.webofscience.com/wos/woscc/full-record/WOS:000402759400018
On the model updating operators in univariate estimation of distribution algorithms,https://www.webofscience.com/wos/woscc/full-record/WOS:000376763500012
Negative Correlation Learning in the Estimation of Distribution Algorithms for Combinatorial Optimization,https://www.webofscience.com/wos/woscc/full-record/WOS:000327168600010
Introducing the Mallows Model on Estimation of Distribution Algorithms,https://www.webofscience.com/wos/woscc/full-record/WOS:000306990600054
Estimation of Distribution Algorithms with Fuzzy Sampling for Stochastic Programming Problems,https://www.webofscience.com/wos/woscc/full-record/WOS:000586604200001
Efficiency enhancement of estimation of distribution algorithms by a compressed tournament selection,https://www.webofscience.com/wos/woscc/full-record/WOS:000334211500040
Estimation of Distribution Algorithms (EDA) to Realize the Motion Planning of Space Robot,https://www.webofscience.com/wos/woscc/full-record/WOS:000397331301129
Triangulation of Bayesian networks with recursive estimation of distribution algorithms,https://www.webofscience.com/wos/woscc/full-record/WOS:000264713200007
Bivariate Estimation-of-Distribution Algorithms Can Find an Exponential Number of Optima,https://www.webofscience.com/wos/woscc/full-record/WOS:000605292300093
Understanding the Treatment of Outliers in Multi-Objective Estimation of Distribution Algorithms,https://www.webofscience.com/wos/woscc/full-record/WOS:000354873200029
Enhancement of continuous estimation of distribution algorithms by density ensembles,https://www.webofscience.com/wos/woscc/full-record/WOS:000310311200002
Estimation of Distribution Algorithms as Logistic Regression Regularizers of Microarray Classifiers,https://www.webofscience.com/wos/woscc/full-record/WOS:000266932600003
Structure Learning of Bayesian Networks by Estimation of Distribution Algorithms with Transpose Mutation,https://www.webofscience.com/wos/woscc/full-record/WOS:000323803500012
Bivariate estimation-of-distribution algorithms can find an exponential number of optima,https://www.webofscience.com/wos/woscc/full-record/WOS:001052075800001
Message Passing Methods for Estimation of Distribution Algorithms Based on Markov Networks,https://www.webofscience.com/wos/woscc/full-record/WOS:000350036700038
Variable Screening for Reduced Dependency Modelling in Gaussian-based Continuous Estimation of Distribution Algorithms,https://www.webofscience.com/wos/woscc/full-record/WOS:000312859302044
Population Sizing for Entropy-based Model Building in Discrete Estimation of Distribution Algorithms,https://www.webofscience.com/wos/woscc/full-record/WOS:000268226900113
From Understanding Genetic Drift to a Smart-Restart Mechanism for Estimation-of-Distribution Algorithms,https://www.webofscience.com/wos/woscc/full-record/WOS:001111534000001
Adaptive Variance Scaling in Continuous Multi-Objective Estimation-of-Distribution Algorithms,https://www.webofscience.com/wos/woscc/full-record/WOS:000268226900100
Drift and scaling in estimation of distribution algorithms,https://www.webofscience.com/wos/woscc/full-record/WOS:000227633700007
Software reliability prediction model based on support vector regression with improved estimation of distribution algorithms,https://www.webofscience.com/wos/woscc/full-record/WOS:000329457400010
Estimation of distribution algorithms for the computation of innovation estimators of diffusion processes,https://www.webofscience.com/wos/woscc/full-record/WOS:000642357500026
Comprehensive characterization of the behaviors of estimation of distribution algorithms,https://www.webofscience.com/wos/woscc/full-record/WOS:000361856400007
Critical Issues in Model-Based Surrogate Functions in Estimation of Distribution Algorithms,https://www.webofscience.com/wos/woscc/full-record/WOS:000350036700001
Model-based template-recombination in Markov network estimation of distribution algorithms for problems with discrete representation,https://www.webofscience.com/wos/woscc/full-record/WOS:000380541300030
Matching inductive search bias and problem structure in continuous Estimation-of-distribution Algorithms,https://www.webofscience.com/wos/woscc/full-record/WOS:000251070500023
Learning Factorizations in Estimation of Distribution Algorithms Using Affinity Propagation,https://www.webofscience.com/wos/woscc/full-record/WOS:000285226900002
Avoiding premature convergence in Estimation of Distribution Algorithms,https://www.webofscience.com/wos/woscc/full-record/WOS:000274803100059
Delineation of site-specific management zones using estimation of distribution algorithms,https://www.webofscience.com/wos/woscc/full-record/WOS:000634759800001
Inexact graph matching by means of estimation of distribution algorithms,https://www.webofscience.com/wos/woscc/full-record/WOS:000178751600020
Analysis of Computational Time of Simple Estimation of Distribution Algorithms,https://www.webofscience.com/wos/woscc/full-record/WOS:000274148700001
Daily Ecopertrol Stock Performance Estimate by Using Estimation of Distribution Algorithms (EDAs),https://www.webofscience.com/wos/woscc/full-record/WOS:000319285900017
Traffic Signal Optimization with Estimation of Distribution Algorithms and VISSIM-MATLAB Integrated Simulation Platform,https://www.webofscience.com/wos/woscc/full-record/WOS:000703998202039
Sharp Bounds for Genetic Drift in Estimation of Distribution Algorithms,https://www.webofscience.com/wos/woscc/full-record/WOS:000595525700012
Unsupervised learning of Bayesian networks via estimation of distribution algorithms:: An application to gene expression data clustering,https://www.webofscience.com/wos/woscc/full-record/WOS:000220231200005
Learning Bayesian networks in the space of orderings with estimation of distribution algorithms,https://www.webofscience.com/wos/woscc/full-record/WOS:000222729300005
Algorithm 989: perm_mateda: A Matlab Toolbox of Estimation of Distribution Algorithms for Permutation-based Combinatorial Optimization Problems,https://www.webofscience.com/wos/woscc/full-record/WOS:000445637100011
A hybrid method based on estimation of distribution algorithms to train convolutional neural networks for text categorization,https://www.webofscience.com/wos/woscc/full-record/WOS:000836819000015
Optimizing logistic regression coefficients for discrimination and calibration using estimation of distribution algorithms,https://www.webofscience.com/wos/woscc/full-record/WOS:000260771100012
Intelligent system for the analysis of microarray data using principal components and estimation of distribution algorithms,https://www.webofscience.com/wos/woscc/full-record/WOS:000263584100060
Feature selection for intrusion detection using new multi-objective estimation of distribution algorithms,https://www.webofscience.com/wos/woscc/full-record/WOS:000496315100010
Towards the Geometry of Estimation of Distribution Algorithms Based on the Exponential Family,https://www.webofscience.com/wos/woscc/full-record/WOS:000290468900020
Optimal row and column ordering to improve table interpretation using estimation of distribution algorithms,https://www.webofscience.com/wos/woscc/full-record/WOS:000295095800004
A review of distances for the Mallows and Generalized Mallows estimation of distribution algorithms,https://www.webofscience.com/wos/woscc/full-record/WOS:000362658600008
Guidelines for developing effective Estimation of Distribution Algorithms in solving single machine scheduling problems,https://www.webofscience.com/wos/woscc/full-record/WOS:000278424600040
Side chain placement using estimation of distribution algorithms,https://www.webofscience.com/wos/woscc/full-record/WOS:000243594200003
Estimation of Distribution Algorithms based Unmanned Aerial Vehicle Path Planner Using a New Coordinate System,https://www.webofscience.com/wos/woscc/full-record/WOS:000356684600021
Learning weighted linguistic fuzzy rules by using specifically-tailored hybrid estimation of distribution algorithms,https://www.webofscience.com/wos/woscc/full-record/WOS:000264713200013
Effective Structure Learning for Estimation of Distribution Algorithms via L1-Regularized Bayesian Networks Regular Paper,https://www.webofscience.com/wos/woscc/full-record/WOS:000316454600003
AUTOMATED SHAPE OPTIMIZATION USING A MULTIGRID METHOD AND ESTIMATION OF DISTRIBUTION ALGORITHMS,https://www.webofscience.com/wos/woscc/full-record/WOS:000380573600079
Addressing the advantages of using ensemble probabilistic models in Estimation of Distribution Algorithms for scheduling problems,https://www.webofscience.com/wos/woscc/full-record/WOS:000312759600004
Protein folding in 2-dimensional lattices with estimation of distribution algorithms,https://www.webofscience.com/wos/woscc/full-record/WOS:000226129700039
On the Taxonomy of Optimization Problems Under Estimation of Distribution Algorithms,https://www.webofscience.com/wos/woscc/full-record/WOS:000330360000005
Estimation of distribution algorithms with mutation,https://www.webofscience.com/wos/woscc/full-record/WOS:000229210400011
Integrating estimation of distribution algorithms versus Q-learning into Meta-RaPS for solving the 0-1 multidimensional knapsack problem,https://www.webofscience.com/wos/woscc/full-record/WOS:000413126700059
Estimation of distribution algorithms with niche separation mechanism,https://www.webofscience.com/wos/woscc/full-record/WOS:000256053700016
Fast Pedestrian Detection Using Multimodal Estimation of Distribution Algorithms,https://www.webofscience.com/wos/woscc/full-record/WOS:000530095200157
Dictionary based estimation of distribution algorithms,https://www.webofscience.com/wos/woscc/full-record/WOS:000253671800073
EDA plus plus : Estimation of Distribution Algorithms With Feasibility Conserving Mechanisms for Constrained Continuous Optimization,https://www.webofscience.com/wos/woscc/full-record/WOS:000862385200028
Average time complexity of estimation of distribution algorithms,https://www.webofscience.com/wos/woscc/full-record/WOS:000230384000006
Sub-structural niching in estimation of distribution algorithms,https://www.webofscience.com/wos/woscc/full-record/WOS:000242040700101
Multimodal Estimation of Distribution Algorithms,https://www.webofscience.com/wos/woscc/full-record/WOS:000396395400008
Finding Short Counterexamples in Promela Models Using Estimation of Distribution Algorithms,https://www.webofscience.com/wos/woscc/full-record/WOS:000322137100242
Continuous Estimation of Distribution Algorithms Based on Factorized Gaussian Markov Networks,https://www.webofscience.com/wos/woscc/full-record/WOS:000324600300011
Convergence Theorems of Estimation of Distribution Algorithms,https://www.webofscience.com/wos/woscc/full-record/WOS:000324600300007
Incorporating Regular Vines in Estimation of Distribution Algorithms,https://www.webofscience.com/wos/woscc/full-record/WOS:000310719800002
Runtime Analysis of Estimation of Distribution Algorithms for a Simple Scheduling Problem,https://www.webofscience.com/wos/woscc/full-record/WOS:001313677200031
Design of multithreaded estimation of distribution algorithms,https://www.webofscience.com/wos/woscc/full-record/WOS:000185074300001
Hyper-Parameter Tuning for Support Vector Machines by Estimation of Distribution Algorithms,https://www.webofscience.com/wos/woscc/full-record/WOS:000416452000054
Interactions and dependencies in estimation of distribution algorithms,https://www.webofscience.com/wos/woscc/full-record/WOS:000232173100189
Symmetry in Evolutionary and Estimation of Distribution Algorithms,https://www.webofscience.com/wos/woscc/full-record/WOS:000326235302008
Linkage Learning in Estimation of Distribution Algorithms,https://www.webofscience.com/wos/woscc/full-record/WOS:000271865000007
A Study on Multimemetic Estimation of Distribution Algorithms,https://www.webofscience.com/wos/woscc/full-record/WOS:000358196900032
Codebook Design Optimization Based on Estimation of Distribution Algorithms,https://www.webofscience.com/wos/woscc/full-record/WOS:000264556100097
Estimation of Distribution Algorithms Making Use of Both High Quality and Low Quality Individuals,https://www.webofscience.com/wos/woscc/full-record/WOS:000274242600316
Exact Bayesian network learning in estimation of distribution algorithms,https://www.webofscience.com/wos/woscc/full-record/WOS:000256053700140
Fast Parabola Detection Using Estimation of Distribution Algorithms,https://www.webofscience.com/wos/woscc/full-record/WOS:000396248300001
Learning Structure Illuminates Black Boxes - An Introduction to Estimation of Distribution Algorithms,https://www.webofscience.com/wos/woscc/full-record/WOS:000267892800018
Fast Fitness Improvements in Estimation of Distribution Algorithms Using Belief Propagation,https://www.webofscience.com/wos/woscc/full-record/WOS:000324600300010
Research of Estimation of distribution algorithms on Joint optimal operation of cascade hydropower stations,https://www.webofscience.com/wos/woscc/full-record/WOS:000568616800107
Limits of scalability of multiobjective estimation of distribution algorithms,https://www.webofscience.com/wos/woscc/full-record/WOS:000232173100295
Learning weighted linguistic fuzzy rules with Estimation of Distribution Algorithms,https://www.webofscience.com/wos/woscc/full-record/WOS:000245414201050
A review of estimation of distribution algorithms in bioinformatics,https://www.webofscience.com/wos/woscc/full-record/WOS:000208760900006
Mutation can improve the search capability of estimation of distribution algorithms,https://www.webofscience.com/wos/woscc/full-record/WOS:000225040600041
Heuristic based sampling in estimation of distribution algorithms:: An initial approach,https://www.webofscience.com/wos/woscc/full-record/WOS:000222638300038
An analysis of estimation of distribution algorithms with finite population models,https://www.webofscience.com/wos/woscc/full-record/WOS:000250427500155
A Review on Parallel Estimation of Distribution Algorithms,https://www.webofscience.com/wos/woscc/full-record/WOS:000282603700007
N-detection test generation with clustering and estimation of distribution algorithms: A preliminary research,https://www.webofscience.com/wos/woscc/full-record/WOS:000251376300037
Runtime Analyses of the Population-Based Univariate Estimation of Distribution Algorithms on LeadingOnes,https://www.webofscience.com/wos/woscc/full-record/WOS:000690372900001
Opportunities for Expensive Optimization with Estimation of Distribution Algorithms,https://www.webofscience.com/wos/woscc/full-record/WOS:000277228000008
Learning semi naive Bayes structures by estimation of distribution algorithms,https://www.webofscience.com/wos/woscc/full-record/WOS:000187551600023
Clustering-based probabilistic model fitting in estimation of distribution algorithms,https://www.webofscience.com/wos/woscc/full-record/WOS:000234952100047
Discovering Fuzzy-Rough Reducts through Estimation of Distribution Algorithms,https://www.webofscience.com/wos/woscc/full-record/WOS:000370288300223
On the importance of diversity maintenance in estimation of distribution algorithms,https://www.webofscience.com/wos/woscc/full-record/WOS:000242040700107
Estimation of Distribution Algorithms for the Machine-Part Cell Formation,https://www.webofscience.com/wos/woscc/full-record/WOS:000274013500010
Estimation of distribution algorithms for testing object oriented software,https://www.webofscience.com/wos/woscc/full-record/WOS:000256053700058
Design of Test Problems for Discrete Estimation of Distribution Algorithms,https://www.webofscience.com/wos/woscc/full-record/WOS:000321981300052
Hybridization of estimation of distribution algorithms with a repair method for solving constraint satisfaction problems,https://www.webofscience.com/wos/woscc/full-record/WOS:000185074200110
A Bayesian View on the Polynomial Distribution Model in Estimation of Distribution Algorithms,https://www.webofscience.com/wos/woscc/full-record/WOS:000263406500041
Estimation of Distribution Algorithms Applied to History Matching,https://www.webofscience.com/wos/woscc/full-record/WOS:000320295100010
"Evolutionary and Estimation of Distribution Algorithms for Unconstrained, Constrained, and Multiobjective Noisy Combinatorial Optimisation Problems",https://www.webofscience.com/wos/woscc/full-record/WOS:001136028100002
A Fitness Function Model for Detecting Ellipses with Estimation of Distribution Algorithms,https://www.webofscience.com/wos/woscc/full-record/WOS:000287375802086
GA-EDA:: Hybrid evolutionary algorithm using genetic and estimation of distribution algorithms,https://www.webofscience.com/wos/woscc/full-record/WOS:000221714200038
On the Limits of Effectiveness in Estimation of Distribution Algorithms,https://www.webofscience.com/wos/woscc/full-record/WOS:000312932600213
Extending Distance-based Ranking Models in Estimation of Distribution Algorithms,https://www.webofscience.com/wos/woscc/full-record/WOS:000356684603057
Hybrid Estimation of Distribution Algorithms for the Flow Shop Scheduling Problem,https://www.webofscience.com/wos/woscc/full-record/WOS:000326235301089
PolyEDA: Combining estimation of distribution algorithms and linear inequality constraints,https://www.webofscience.com/wos/woscc/full-record/WOS:000225101200114
On the Model-Building Issue of Multi-Objective Estimation of Distribution Algorithms,https://www.webofscience.com/wos/woscc/full-record/WOS:000267794600035
Adaptive Estimation of Distribution Algorithms for Low-Thrust Trajectory Optimization,https://www.webofscience.com/wos/woscc/full-record/WOS:001041484700001
Bivariate empirical and n-variate Archimedean copulas in Estimation of Distribution Algorithms,https://www.webofscience.com/wos/woscc/full-record/WOS:000287375804104
Combining Bayesian classifiers and estimation of distribution algorithms for optimization in continuous domains,https://www.webofscience.com/wos/woscc/full-record/WOS:000251710700003
Estimation of distribution algorithms for nuclear reactor fuel management optimisation,https://www.webofscience.com/wos/woscc/full-record/WOS:000241260700009
Application of Estimation of Distribution Algorithms for Solving Order Acceptance with Weighted Tardiness Problems,https://www.webofscience.com/wos/woscc/full-record/WOS:000395631500309
Harmless Overfitting: Using Denoising Autoencoders in Estimation of Distribution Algorithms,https://www.webofscience.com/wos/woscc/full-record/WOS:000542194600001
Multiple-deme parallel estimation of distribution algorithms: Basic framework and application,https://www.webofscience.com/wos/woscc/full-record/WOS:000221559200071
Effective search for genetic-based machine learning systems via estimation of distribution algorithms and embedded feature reduction techniques,https://www.webofscience.com/wos/woscc/full-record/WOS:000319952700011
Estimation of distribution algorithms for well placement optimization in petroleum fields,https://www.webofscience.com/wos/woscc/full-record/WOS:001381403800001
Copula selection for graphical models in continuous Estimation of Distribution Algorithms,https://www.webofscience.com/wos/woscc/full-record/WOS:000336813100015
On the performance of estimation of distribution algorithms applied to software testing,https://www.webofscience.com/wos/woscc/full-record/WOS:000228668800002
Theoretical and empirical investigations on difficulty in structure learning by estimation of distribution algorithms,https://www.webofscience.com/wos/woscc/full-record/WOS:000248078500036
DICE: A New Family of Bivariate Estimation of Distribution Algorithms Based on Dichotomised Multivariate Gaussian Distributions,https://www.webofscience.com/wos/woscc/full-record/WOS:000418860400043
Pairwise independence and its impact on Estimation of Distribution Algorithms,https://www.webofscience.com/wos/woscc/full-record/WOS:000373548400004
Multiobjective Estimation of Distribution Algorithms Using Multivariate Archimedean Copulas and Average Ranking,https://www.webofscience.com/wos/woscc/full-record/WOS:000349457000056
Optimal Sensor Location in Chemical Plants Using the Estimation of Distribution Algorithms,https://www.webofscience.com/wos/woscc/full-record/WOS:000444793100016
Estimation of Distribution Algorithms for the Multi-Mode Resource Constrained Project Scheduling Problem,https://www.webofscience.com/wos/woscc/full-record/WOS:000426929700204
Effects of Discrete Hill Climbing on Model Building for Estimation of Distribution Algorithms,https://www.webofscience.com/wos/woscc/full-record/WOS:000321981300047
EDA-PSO: A Hybrid Paradigm Combining Estimation of Distribution Algorithms and Particle Swarm Optimization,https://www.webofscience.com/wos/woscc/full-record/WOS:000285802500039
On the Choice of the Update Strength in Estimation-of-Distribution Algorithms and Ant Colony Optimization,https://www.webofscience.com/wos/woscc/full-record/WOS:000465431800006
Estimation of distribution algorithms with solution subset selection for the next release problem,https://www.webofscience.com/wos/woscc/full-record/WOS:001222909600001
Auto-tune POIs: Estimation of distribution algorithms for efficient side-channel analysis,https://www.webofscience.com/wos/woscc/full-record/WOS:000696956800008
"The structure of evolutionary exploration: On crossover, buildings blocks, and estimation-of-distribution algorithms",https://www.webofscience.com/wos/woscc/full-record/WOS:000185074300017
Applications of Model Reuse When Using Estimation of Distribution Algorithms to Test Concurrent Software,https://www.webofscience.com/wos/woscc/full-record/WOS:000306979300012
A Copula-Based Estimation of Distribution Algorithms for Coverage Problem of Wireless Sensor Network,https://www.webofscience.com/wos/woscc/full-record/WOS:000316654000042
Time series forecasting by evolving artificial neural networks using genetic algorithms and estimation of distribution algorithms,https://www.webofscience.com/wos/woscc/full-record/WOS:000287421403060
Adaptation of a Success Story in GAs: Estimation-of-Distribution Algorithms for Tree-based Optimization Problems,https://www.webofscience.com/wos/woscc/full-record/WOS:000275055100001
Software Metrics Mining to Predict the Performance of Estimation of Distribution Algorithms in Test Data Generation,https://www.webofscience.com/wos/woscc/full-record/WOS:000271802600015
The role of a priori information in the minimization of contact potentials by means of estimation of distribution algorithms,https://www.webofscience.com/wos/woscc/full-record/WOS:000246102100024
FAULT DIAGNOSIS OF MULTIPROCESSOR SYSTEMS BASED ON GENETIC AND ESTIMATION OF DISTRIBUTION ALGORITHMS: A PERFORMANCE EVALUATION,https://www.webofscience.com/wos/woscc/full-record/WOS:000274974000001
Combining variable neighborhood search and estimation of distribution algorithms in the protein side chain placement problem,https://www.webofscience.com/wos/woscc/full-record/WOS:000259142300007
Peakbin Selection in Mass Spectrometry Data Using a Consensus Approach with Estimation of Distribution Algorithms,https://www.webofscience.com/wos/woscc/full-record/WOS:000288225000015
Robust estimation of distribution algorithms via fitness landscape analysis for optimal low-thrust orbital maneuvers,https://www.webofscience.com/wos/woscc/full-record/WOS:001144198200001
Genetic Network Programming with Estimation of Distribution Algorithms for Class Association rule Mining in Traffic Prediction,https://www.webofscience.com/wos/woscc/full-record/WOS:000287375804004
How to Get More from Your Model: The Role of Constructive Selection in Estimation of Distribution Algorithms,https://www.webofscience.com/wos/woscc/full-record/WOS:000625865500051
Estimation of Distribution Algorithms for Decision-Tree Induction,https://www.webofscience.com/wos/woscc/full-record/WOS:000426929700262
Blocked Stochastic sampling versus estimation of distribution algorithms,https://www.webofscience.com/wos/woscc/full-record/WOS:000180919800237
Diversity loss in general estimation of distribution algorithms,https://www.webofscience.com/wos/woscc/full-record/WOS:000241446400010
Estimation of distribution algorithms on non-separable problems,https://www.webofscience.com/wos/woscc/full-record/WOS:000273011900002
Solving Order/Degree Problems by Using EDA-GK,https://www.webofscience.com/wos/woscc/full-record/WOS:000625865500013
A Mahalanobis Distance-based Fitness Approximation Method for Estimation of Distribution Algorithms in Solving Expensive Optimization Problems,https://www.webofscience.com/wos/woscc/full-record/WOS:000521353901106
A Probabilistic Graphical Model For Estimation of Distribution Algorithms,https://www.webofscience.com/wos/woscc/full-record/WOS:000288148500003
Constrained optimization problem solving using estimation of distribution algorithms,https://www.webofscience.com/wos/woscc/full-record/WOS:000222818400041
The importance of implementation details and parameter settings in black-box optimization: a case study on Gaussian estimation-of-distribution algorithms and circles-in-a-square packing problems,https://www.webofscience.com/wos/woscc/full-record/WOS:000426566200013
Estimation of Distribution Algorithms based on Nested Archimedean Copulas,https://www.webofscience.com/wos/woscc/full-record/WOS:000300876501125
Why Is Parity Hard for Estimation of Distribution Algorithms?,https://www.webofscience.com/wos/woscc/full-record/WOS:000268226900116
Editorial introduction -: Special Issue on estimation of distribution algorithms,https://www.webofscience.com/wos/woscc/full-record/WOS:000227633700002
Prototype selection and feature subset selection by estimation of distribution algorithms.: A case study in the survival of cirrhotic patients treated with TIPS,https://www.webofscience.com/wos/woscc/full-record/WOS:000175009500003
Cyber-EDA: Estimation of Distribution Algorithms with Adaptive Memory Programming,https://www.webofscience.com/wos/woscc/full-record/WOS:000326749600001
An Estimation of Distribution Algorithms Applied to Sequence Pattern Mining,https://www.webofscience.com/wos/woscc/full-record/WOS:000323845700102
Vine Estimation of Distribution Algorithms with Application to Molecular Docking,https://www.webofscience.com/wos/woscc/full-record/WOS:000324600300014
A Review of Estimation of Distribution Algorithms and Markov Networks,https://www.webofscience.com/wos/woscc/full-record/WOS:000324600300003
Factoradic Representation for Permutation Optimisation,https://www.webofscience.com/wos/woscc/full-record/WOS:000358196900033
Sensor Location for water systems: A Stochastic Design Approach,https://www.webofscience.com/wos/woscc/full-record/WOS:000316676100052
SGEGC: A Selfish Gene Theory Based Optimization Method by Exchanging Genetic Components,https://www.webofscience.com/wos/woscc/full-record/WOS:000274013500007
On the Optimal Convergence Probability of Univariate Estimation of Distribution Algorithms,https://www.webofscience.com/wos/woscc/full-record/WOS:000290634000003
Decomposition of Dynamic Single-Product and Multi-product Lotsizing Problems and Scalability of EDAs,https://www.webofscience.com/wos/woscc/full-record/WOS:000266823300012
Advancing Model Building for Many-Objective Optimization Estimation of Distribution Algorithms,https://www.webofscience.com/wos/woscc/full-record/WOS:000279390200053
Dependence Trees with Copula Selection for Continuous Estimation of Distribution Algorithms,https://www.webofscience.com/wos/woscc/full-record/WOS:000322137100074
HPBILc: A histogram-based EDA for continuous optimization,https://www.webofscience.com/wos/woscc/full-record/WOS:000269403200011
Structural Difficulty in Estimation of Distribution Genetic Programming,https://www.webofscience.com/wos/woscc/full-record/WOS:000322137100184
An intelligent scatter with estimation of distribution for tabu search,https://www.webofscience.com/wos/woscc/full-record/WOS:000251543000059
An Application of EDA and GA to Dynamic Pricing,https://www.webofscience.com/wos/woscc/full-record/WOS:000268226900111
Research on the Optimization Model for Target Assignment of Multiple UAVs Based on Probability Equilibrium Strategy,https://www.webofscience.com/wos/woscc/full-record/WOS:000310339200426
A hybrid immune-estimation distribution of algorithm for mining thyroid gland data,https://www.webofscience.com/wos/woscc/full-record/WOS:000272846500028
Using Maximum Entropy and Generalized Belief Propagation in Estimation of Distribution Algorithms,https://www.webofscience.com/wos/woscc/full-record/WOS:000324600300012
Video tracking association problem using estimation of distribution algorithms in complex scenes,https://www.webofscience.com/wos/woscc/full-record/WOS:000247804300028
PASCAL: An EDA for Parameterless Shape-Independent Clustering,https://www.webofscience.com/wos/woscc/full-record/WOS:000390749103080
On the analysis of average time complexity of Estimation of Distribution Algorithms,https://www.webofscience.com/wos/woscc/full-record/WOS:000256053700060
Bandit-Based Estimation of Distribution Algorithms for Noisy Optimization: Rigorous Runtime Analysis,https://www.webofscience.com/wos/woscc/full-record/WOS:000282833800008
Optimization of Machining Parameters for Parallel Turnings Using Estimation of Distribution Algorithms,https://www.webofscience.com/wos/woscc/full-record/WOS:000336944700239
DICE: exploiting all bivariate dependencies in binary and multary search spaces,https://www.webofscience.com/wos/woscc/full-record/WOS:000441387800002
Research on Methodology of Evolutionary Computing,https://www.webofscience.com/wos/woscc/full-record/WOS:000312926100108
Solving Multi-Objective Reinforcement Learning Problems by EDA-RL - Acquisition of Various Strategies,https://www.webofscience.com/wos/woscc/full-record/WOS:000288405800074
An Estimation of Distribution Algorithm using the LZW Compression Algorithm,https://www.webofscience.com/wos/woscc/full-record/WOS:000394212700015
Initial approaches to the application of islands-based parallel EDAs in continuous domains,https://www.webofscience.com/wos/woscc/full-record/WOS:000239227800002
Bayesian Immigrant Diploid Genetic Algorithm for Dynamic Environments,https://www.webofscience.com/wos/woscc/full-record/WOS:000653092400010
On the performance of multi-objective estimation of distribution algorithms for combinatorial problems,https://www.webofscience.com/wos/woscc/full-record/WOS:000451175500028
Sampling Bias in Estimation of Distribution Algorithms for Genetic Programming Using Prototype Trees,https://www.webofscience.com/wos/woscc/full-record/WOS:000286842600012
Estimation of distribution algorithms:: A new evolutionary computation approach for graph matching problems,https://www.webofscience.com/wos/woscc/full-record/WOS:000180456900030
Learning Bayesian networks in the space of structures by estimation of distribution algorithms,https://www.webofscience.com/wos/woscc/full-record/WOS:000180769900006
Simulation-Based EDAs for Stochastic Programming Problems,https://www.webofscience.com/wos/woscc/full-record/WOS:000525032300017
Estimation of Distribution Algorithms Based on the Beta Distribution for Bounded Search Spaces,https://www.webofscience.com/wos/woscc/full-record/WOS:000434213700013
Solving Sudoku Puzzles with Node Based Coincidence Algorithm,https://www.webofscience.com/wos/woscc/full-record/WOS:000326802000003
A hybrid genetic algorithm for the repetition free longest common subsequence problem,https://www.webofscience.com/wos/woscc/full-record/WOS:000329010000018
Improved Runtime Bounds for the Univariate Marginal Distribution Algorithm via Anti-Concentration,https://www.webofscience.com/wos/woscc/full-record/WOS:000530095200173
A new metaheuristic based approach for the design of sensor networks,https://www.webofscience.com/wos/woscc/full-record/WOS:000320650300008
Kernels of Mallows Models for Solving Permutation-based Problems,https://www.webofscience.com/wos/woscc/full-record/WOS:000358795700064
A Markovianity based optimisation algorithm,https://www.webofscience.com/wos/woscc/full-record/WOS:000303381600002
The HGEDA Hybrid Algorithm For OLAP Data Cubes,https://www.webofscience.com/wos/woscc/full-record/WOS:000307487501310
Estimation of Distribution using Population Queue based Variational Autoencoders,https://www.webofscience.com/wos/woscc/full-record/WOS:000502087101057
Optimal Mixing Evolutionary Algorithms,https://www.webofscience.com/wos/woscc/full-record/WOS:000322137100078
An Optimisation-Driven Prediction Method for Automated Diagnosis and Prognosis,https://www.webofscience.com/wos/woscc/full-record/WOS:000502288700048
Regularized k-order Markov models in EDAs,https://www.webofscience.com/wos/woscc/full-record/WOS:000322137100075
Regularized logistic regression without a penalty term: An application to cancer classification with microarray data,https://www.webofscience.com/wos/woscc/full-record/WOS:000287419900049
Domino Convergence: Why One Should Hill-Climb on Linear Functions,https://www.webofscience.com/wos/woscc/full-record/WOS:000579327800197
An investigation of the selection strategies impact on MOEDAs: CMA-ES and UMDA,https://www.webofscience.com/wos/woscc/full-record/WOS:000418333500063
Cross Entropy and Adaptive Variance Scaling in Continuous EDA,https://www.webofscience.com/wos/woscc/full-record/WOS:000268226900114
Parameter-less Local Optimizer with Linkage Identification for Deterministic Order-k Decomposable Problems,https://www.webofscience.com/wos/woscc/full-record/WOS:000322137100073
Classifier Subset Selection to construct multi-classifiers by means of estimation of distribution algorithms,https://www.webofscience.com/wos/woscc/full-record/WOS:000351801600006
A Data-Centric Machine Learning Approach for Controlling Exploration in Estimation of Distribution Algorithms,https://www.webofscience.com/wos/woscc/full-record/WOS:000862819900012
An evolutionary algorithm with guided mutation for the maximum clique problem,https://www.webofscience.com/wos/woscc/full-record/WOS:000228136500006
Geometric-Based Sampling For Permutation Optimization,https://www.webofscience.com/wos/woscc/full-record/WOS:000321981300051
Bias Reduction of Probabilistic Prototype Tree Based Estimation of Distribution Genetic Programming in Predicting Arthritis Prevalence,https://www.webofscience.com/wos/woscc/full-record/WOS:000345447100014
The correlation-triggered adaptive variance scaling IDEA,https://www.webofscience.com/wos/woscc/full-record/WOS:000249917300063
Optimization based on phylogram analysis,https://www.webofscience.com/wos/woscc/full-record/WOS:000398877400003
From Understanding Genetic Drift to a Smart-Restart Parameter-less Compact Genetic Algorithm,https://www.webofscience.com/wos/woscc/full-record/WOS:000605292300094
Algorithms for Attribute Selection and Knowledge Discovery,https://www.webofscience.com/wos/woscc/full-record/WOS:000451588800033
On the convergence of a factorized distribution algorithm with truncation selection,https://www.webofscience.com/wos/woscc/full-record/WOS:000226746400004
HYBRID MUSIC RECOMMENDER USING CONTENT-BASED AND SOCIAL INFORMATION,https://www.webofscience.com/wos/woscc/full-record/WOS:000388373402152
Using Landscape Topology to Compare Continuous Metaheuristics: A Framework and Case Study on EDAs and Ridge Structure,https://www.webofscience.com/wos/woscc/full-record/WOS:000304228100006
Research On Traveling Salesman Problem Algorithm,https://www.webofscience.com/wos/woscc/full-record/WOS:000322498501203
Visual Data Association for Real-Time Video Tracking Using Genetic and Estimation of Distribution Algorithms,https://www.webofscience.com/wos/woscc/full-record/WOS:000269270400006
Scalability of using Restricted Boltzmann Machines for combinatorial optimization,https://www.webofscience.com/wos/woscc/full-record/WOS:000384857500003
A Bayesian based Hyper-Heuristic approach for global optimization,https://www.webofscience.com/wos/woscc/full-record/WOS:000502087101104
Gaussian Process Meta-Modeling and Comparison of GP Training Methods,https://www.webofscience.com/wos/woscc/full-record/WOS:000282107600264
Effective Linkage Learning Using Low-Order Statistics and Clustering,https://www.webofscience.com/wos/woscc/full-record/WOS:000272319600004
HSEDA: A Heuristic Selection Approach Based on Estimation of Distribution Algorithm for the Travelling Thief Problem,https://www.webofscience.com/wos/woscc/full-record/WOS:000530095200046
Extended artificial chromosomes genetic algorithm for permutation flowshop scheduling problems,https://www.webofscience.com/wos/woscc/full-record/WOS:000300751300011
Symmetric-Approximation Energy-Based Estimation of Distribution (SEED): A Continuous Optimization Algorithm,https://www.webofscience.com/wos/woscc/full-record/WOS:000510416300008
Gene selection for cancer classification using wrapper approaches,https://www.webofscience.com/wos/woscc/full-record/WOS:000226440800001
Linkage identification by fitness difference clustering,https://www.webofscience.com/wos/woscc/full-record/WOS:000242445900001
Level-Based Analysis of the Univariate Marginal Distribution Algorithm,https://www.webofscience.com/wos/woscc/full-record/WOS:000458280100012
Runtime Analysis of a Multi-valued Compact Genetic Algorithm on Generalized OneMax,https://www.webofscience.com/wos/woscc/full-record/WOS:001313631000004
When Huge Is Routine: Scaling Genetic Algorithms and Estimation of Distribution Algorithms via Data-Intensive Computing,https://www.webofscience.com/wos/woscc/full-record/WOS:000282603700002
Towards Large Scale Continuous EDA: A Random Matrix Theory Perspective,https://www.webofscience.com/wos/woscc/full-record/WOS:000321981300049
A study of the effects of dimensionality on stochastic hill climbers and estimation of distribution algorithms,https://www.webofscience.com/wos/woscc/full-record/WOS:000221502600003
Parallel implementation of EDAs based on probabilistic graphical models,https://www.webofscience.com/wos/woscc/full-record/WOS:000231157100005
A double-distribution statistical algorithm for composite laminate optimization,https://www.webofscience.com/wos/woscc/full-record/WOS:000235684500006
Model accuracy in the Bayesian optimization algorithm,https://www.webofscience.com/wos/woscc/full-record/WOS:000291253100008
Improvement of Kriging interpolation with learning kernel in environmental variables study,https://www.webofscience.com/wos/woscc/full-record/WOS:000598930900001
Univariate marginal distribution algorithm dynamics for a class of parametric functions with unitation constraints,https://www.webofscience.com/wos/woscc/full-record/WOS:000292622100020
Theoretical Study of Optimizing Rugged Landscapes with the cGA,https://www.webofscience.com/wos/woscc/full-record/WOS:000871753400041
An Adaptive Niching EDA with Balance Searching Based on Clustering Analysis,https://www.webofscience.com/wos/woscc/full-record/WOS:000285489200011
An Enhanced Nested Partitions Method,https://www.webofscience.com/wos/woscc/full-record/WOS:000261320400062
A Unified Optimization Framework for Population-based Methods,https://www.webofscience.com/wos/woscc/full-record/WOS:000261320400063
A new real-coded stochastic Bayesian optimization algorithm for continuous global optimization,https://www.webofscience.com/wos/woscc/full-record/WOS:000376876700003
Chaotic synchronization using PID control combined with population based incremental learning algorithm,https://www.webofscience.com/wos/woscc/full-record/WOS:000277726300073
A Self-guided Genetic Algorithm for permutation flowshop scheduling problems,https://www.webofscience.com/wos/woscc/full-record/WOS:000298532900015
Inexact graph matching for model-based recognition:: Evaluation and comparison of optimization algorithms,https://www.webofscience.com/wos/woscc/full-record/WOS:000232113000024
A novel ensemble of classifiers for microarray data classification,https://www.webofscience.com/wos/woscc/full-record/WOS:000258833900038
An extended probabilistic model building genetic network programming using both of good and bad individuals,https://www.webofscience.com/wos/woscc/full-record/WOS:000320335600004
Towards a Robust Solution of the Non-linear Kinematics for the General Stewart Platform with Estimation of Distribution Algorithms,https://www.webofscience.com/wos/woscc/full-record/WOS:000316457200001
Distance-Based Bias in Model-Directed Optimization of Additively Decomposable Problems,https://www.webofscience.com/wos/woscc/full-record/WOS:000309611100035
On the scalability of real-coded Bayesian optimization algorithm,https://www.webofscience.com/wos/woscc/full-record/WOS:000256403400004
Using Previous Models to Bias Structural Learning in the Hierarchical BOA,https://www.webofscience.com/wos/woscc/full-record/WOS:000300484000005
Learning and Searching Pseudo-Boolean Surrogate Functions from Small Samples,https://www.webofscience.com/wos/woscc/full-record/WOS:000539231700006
Sporadic model building for efficiency enhancement of the hierarchical BOA,https://www.webofscience.com/wos/woscc/full-record/WOS:000253571200004
A cooperative particle swarm optimizer with migration of heterogeneous probabilistic models,https://www.webofscience.com/wos/woscc/full-record/WOS:000286335300003
Estimation of particle swarm distribution algorithms: Combining the benefits of PSO and EDAs,https://www.webofscience.com/wos/woscc/full-record/WOS:000302511900009
Incremental Gaussian Model-Building in Multi-Objective EDAs with an Application to Deformable Image Registration,https://www.webofscience.com/wos/woscc/full-record/WOS:000309611100031
A novel method for coevolving PS-optimizing negotiation strategies using improved diversity controlling EDAs,https://www.webofscience.com/wos/woscc/full-record/WOS:000316008400007
An Evolutionary Algorithm Based Hyper-heuristic for the Job-Shop Scheduling Problem with No-Wait Constraint,https://www.webofscience.com/wos/woscc/full-record/WOS:000560389900025
Novel dynamic diversity controlling EAs for coevolving optimal negotiation strategies,https://www.webofscience.com/wos/woscc/full-record/WOS:000336700500001
The Design of (Almost) Disjunct Matrices by Evolutionary Algorithms,https://www.webofscience.com/wos/woscc/full-record/WOS:000763054800012
Toward Understanding EDAs Based on Bayesian Networks Through a Quantitative Analysis,https://www.webofscience.com/wos/woscc/full-record/WOS:000302540100002
Feature subset selection by genetic algorithms and estimation of distribution algorithms -: A case study in the survival of cirrhotic patients treated with TIPS,https://www.webofscience.com/wos/woscc/full-record/WOS:000171913100004
Upper Bounds on the Runtime of the Univariate Marginal Distribution Algorithm on OneMax,https://www.webofscience.com/wos/woscc/full-record/WOS:000530095200177
Using a Markov network model in a univariate EDA: An empirical cost-benefit analysis,https://www.webofscience.com/wos/woscc/full-record/WOS:000242040700108
Denoising Autoencoder Genetic Programming for Real-World Symbolic Regression,https://www.webofscience.com/wos/woscc/full-record/WOS:001035469400175
Estimation of Distribution Algorithm based on a Multivariate Extension of the Archimedean Copula,https://www.webofscience.com/wos/woscc/full-record/WOS:000346422500012
Probabilistic Modeling for continuous EDA with Boltzmann selection and Kullback-Leibeler divergence,https://www.webofscience.com/wos/woscc/full-record/WOS:000249917300062
Genetic draft in univariate marginal distribution algorithm,https://www.webofscience.com/wos/woscc/full-record/WOS:000242040700110
Multi-objective Job Shop Rescheduling with Estimation of Distribution Algorithm,https://www.webofscience.com/wos/woscc/full-record/WOS:000450663600003
Independence-based MAP for Markov networks structure discovery,https://www.webofscience.com/wos/woscc/full-record/WOS:000299009900073
"Convergence Phases, Variance Trajectories, and Runtime Analysis of Continuous EDAs",https://www.webofscience.com/wos/woscc/full-record/WOS:000268226900102
Upper Bounds on the Running Time of the Univariate Marginal Distribution Algorithm on OneMax,https://www.webofscience.com/wos/woscc/full-record/WOS:000458280100011
On the application of different evolutionary algorithms to the alignment problem in statistical machine translation,https://www.webofscience.com/wos/woscc/full-record/WOS:000253663800034
Toward Self-Learning Model-Based EAs,https://www.webofscience.com/wos/woscc/full-record/WOS:000538328100266
Unbalanced Mallows Models for Optimizing Expensive Black-Box Permutation Problems,https://www.webofscience.com/wos/woscc/full-record/WOS:000773791800029
Denoising autoencoder genetic programming: strategies to control exploration and exploitation in search,https://www.webofscience.com/wos/woscc/full-record/WOS:001097381300001
Speeding Up Model Building for ECGA on CUDA Platform,https://www.webofscience.com/wos/woscc/full-record/WOS:000321981300150
Using Denoising Autoencoder Genetic Programming to Control Exploration and Exploitation in Search,https://www.webofscience.com/wos/woscc/full-record/WOS:000873586200007
SDR: A Better Trigger for Adaptive Variance Scaling in Normal EDAs,https://www.webofscience.com/wos/woscc/full-record/WOS:000268226900099
Toward Large-Scale Continuous EDA: A Random Matrix Theory Perspective,https://www.webofscience.com/wos/woscc/full-record/WOS:000379774400003
Hybrid Feature Selection and Peptide Binding Affinity Prediction using an EDA based Algorithm,https://www.webofscience.com/wos/woscc/full-record/WOS:000326235302051
Unveiling relevant non-motor Parkinson's disease severity symptoms using a machine learning approach,https://www.webofscience.com/wos/woscc/full-record/WOS:000322298900007
The Complex Parameter Landscape of the Compact Genetic Algorithm,https://www.webofscience.com/wos/woscc/full-record/WOS:000585803000003
ab,https://www.webofscience.com/wos/woscc/full-record/WOS:000884973300014
Comparison-based algorithms are robust and Randomized algorithms are anytime,https://www.webofscience.com/wos/woscc/full-record/WOS:000251067300003
A novel Univariate Marginal Distribution Algorithm based discretization algorithm,https://www.webofscience.com/wos/woscc/full-record/WOS:000309021800021
Particle Swarm Optimization with Adaptive Bounds,https://www.webofscience.com/wos/woscc/full-record/WOS:000312859301058
A Novel Evolutionary Morphological Descriptor for the Segmentation of Coronary Arteries,https://www.webofscience.com/wos/woscc/full-record/WOS:000459239300040
DAE-GP: Denoising Autoencoder LSTM Networks as Probabilistic Models in Estimation of Distribution Genetic Programming,https://www.webofscience.com/wos/woscc/full-record/WOS:000605292300120
EDA-Based Logistic Regression Applied to Biomarkers Selection in Breast Cancer,https://www.webofscience.com/wos/woscc/full-record/WOS:000271116900149
Co-evolving Best Response Strategies for P-S-Optimizing Negotiation using Evolutionary Algorithms,https://www.webofscience.com/wos/woscc/full-record/WOS:000303703800003
An augmented EDA with dynamic diversity control and local neighborhood search for coevolution of optimal negotiation strategies,https://www.webofscience.com/wos/woscc/full-record/WOS:000318646900010
A Simple Estimation of Distribution Algorithm for the Flexible Job-Shop Problem,https://www.webofscience.com/wos/woscc/full-record/WOS:000426929700288
Benchmarking Parameter-Free AMaLGaM on Functions With and Without Noise,https://www.webofscience.com/wos/woscc/full-record/WOS:000330360000004
Magnetic Particle Swarm Optimization with Estimation of Distribution,https://www.webofscience.com/wos/woscc/full-record/WOS:000312932600270
An unsupervised graph-based approach for the representation of coronary arteries in X-ray angiograms,https://www.webofscience.com/wos/woscc/full-record/WOS:000596453400004
Update Strength in EDAs and ACO: How to Avoid Genetic Drift,https://www.webofscience.com/wos/woscc/full-record/WOS:000382659200010
Automatic Neural Architecture Search Based on an Estimation of Distribution Algorithm for Binary Classification of Image Databases,https://www.webofscience.com/wos/woscc/full-record/WOS:001430232400001
The Plackett-Luce Ranking Model on Permutation-based Optimization Problems,https://www.webofscience.com/wos/woscc/full-record/WOS:000326235300064
A comparison study between genetic algorithms and Bayesian optimize algorithms by novel indices,https://www.webofscience.com/wos/woscc/full-record/WOS:000242040700210
Model-based search for combinatorial optimization: A critical survey,https://www.webofscience.com/wos/woscc/full-record/WOS:000223535200017
UMDA/S: AN EFFECTIVE ITERATIVE COMPILATION ALGORITHM FOR PARAMETER SEARCH,https://www.webofscience.com/wos/woscc/full-record/WOS:000287768300007
Parameter-Less Population Pyramid for Permutation-Based Problems,https://www.webofscience.com/wos/woscc/full-record/WOS:001299686400029
On stability of fixed points of limit models of univariate marginal distribution algorithm and factorized distribution algorithm,https://www.webofscience.com/wos/woscc/full-record/WOS:000189357300006
Mixtures of Generalized Mallows Models for Solving the Quadratic Assignment Problem,https://www.webofscience.com/wos/woscc/full-record/WOS:000380444802011
Practical Algorithms for Low-Discrepancy 2-Colorings,https://www.webofscience.com/wos/woscc/full-record/WOS:000359368500008
A fully Multivariate DEUM Algorithm,https://www.webofscience.com/wos/woscc/full-record/WOS:000274803100062
Initial approaches to the application of islands-based parallel EDAs in continuous domains.,https://www.webofscience.com/wos/woscc/full-record/WOS:000230570200070
Metaheuristic-Boltzmannian optimization model: A new methodology for convergence using the Jensen-Shannon metric in continuous optimization problems,https://www.webofscience.com/wos/woscc/full-record/WOS:000933784300012
An improved model-based evolutionary algorithm for multi-objective optimization,https://www.webofscience.com/wos/woscc/full-record/WOS:000682990400001
Population distribution dynamics in Genetic Algorithms with High-Probability Mutation,https://www.webofscience.com/wos/woscc/full-record/WOS:000674702100024
Total synthesis of algorithmic chemistries,https://www.webofscience.com/wos/woscc/full-record/WOS:000242040700249
Multi-objective optimization approach to detecting extremal patterns in social networks,https://www.webofscience.com/wos/woscc/full-record/WOS:000380541300034
A statistical comparison study between Genetic Algorithms and Bayesian Optimization Algorithms,https://www.webofscience.com/wos/woscc/full-record/WOS:000229190100072
Extending the GA-EDA hybrid algorithm to study diversification and intensification in GAs and EDAs,https://www.webofscience.com/wos/woscc/full-record/WOS:000232273600031
Estimation Distribution Algorithm for mixed continuous-discrete optimization problems,https://www.webofscience.com/wos/woscc/full-record/WOS:000178853200037
PSO_Bounds: A New Hybridization Technique of PSO and EDAs,https://www.webofscience.com/wos/woscc/full-record/WOS:000266892600017
Iterated local search with guided mutation,https://www.webofscience.com/wos/woscc/full-record/WOS:000245414201053
Feature selection for splice site prediction:: A new method using EDA-based feature ranking -: art. no. 64,https://www.webofscience.com/wos/woscc/full-record/WOS:000222504600001
Performance of Network Crossover on NK Landscapes and Spin Glasses,https://www.webofscience.com/wos/woscc/full-record/WOS:000286453000047
A Probabilistic Evolutionary Optimization Approach to Compute Quasiparticle Braids,https://www.webofscience.com/wos/woscc/full-record/WOS:000354867200002
Distribution tree-building real-valued evolutionary algorithm,https://www.webofscience.com/wos/woscc/full-record/WOS:000224103300038
EDA-Based Optimal Gabor Kernel's Scale and Orientation Selection for Facial Expression Recognition,https://www.webofscience.com/wos/woscc/full-record/WOS:000271688600025
Quantum-inspired evolutionary algorithms for financial data analysis,https://www.webofscience.com/wos/woscc/full-record/WOS:000254509400014
A hybrid evolutionary algorithm based on EDAs and clustering analysis,https://www.webofscience.com/wos/woscc/full-record/WOS:000251012500167
Resource-aware parameterizations of EDA,https://www.webofscience.com/wos/woscc/full-record/WOS:000245414204038
Targeted EDA Adapted for a Routing Problem with Variable Length Chromosomes,https://www.webofscience.com/wos/woscc/full-record/WOS:000312859302093
Learning probabilistic tree grammars for Genetic Programming,https://www.webofscience.com/wos/woscc/full-record/WOS:000224103300020
A Short Survey on Population-Based Incremental Learning Algorithm,https://www.webofscience.com/wos/woscc/full-record/WOS:000555467200048
Levels of abstraction in modeling and sampling: The feature-based Bayesian optimization algorithm,https://www.webofscience.com/wos/woscc/full-record/WOS:000249917300067
Evoptool: an Extensible Toolkit for Evolutionary Optimization Algorithms Comparison,https://www.webofscience.com/wos/woscc/full-record/WOS:000287375801110
Graph Clustering Based Model Building,https://www.webofscience.com/wos/woscc/full-record/WOS:000286565200051
On-orbit Long-range Maneuver Transfer Via EDAs,https://www.webofscience.com/wos/woscc/full-record/WOS:000263406501108
An expert system for setting parameters in machining processes,https://www.webofscience.com/wos/woscc/full-record/WOS:000326214700021
The Gaussian Polytree EDA with Copula Functions and Mutations,https://www.webofscience.com/wos/woscc/full-record/WOS:000310719800003
Component weighting functions for adaptive search with EDAs,https://www.webofscience.com/wos/woscc/full-record/WOS:000263406502126
Multi-swarm hybrid for multi-modal optimization,https://www.webofscience.com/wos/woscc/full-record/WOS:000312859302128
The Method for Technology Exploration of Complex System Architectures-Survey and New Method Proposed,https://www.webofscience.com/wos/woscc/full-record/WOS:000259965705033
Solving the Ising spin glass problem using a bivariate EDA based on Markov Random Fields,https://www.webofscience.com/wos/woscc/full-record/WOS:000245414201051
Genetic particle swarm optimization based on estimation of distribution,https://www.webofscience.com/wos/woscc/full-record/WOS:000250830800032
"Natural Gradient, Fitness Modelling and Model Selection: A Unifying Perspective",https://www.webofscience.com/wos/woscc/full-record/WOS:000326235300063
Distribution Localization Estimation Algorithm in Wireless Sensor Networking,https://www.webofscience.com/wos/woscc/full-record/WOS:000368161900122
Finding the optimal path in 3D spaces using EDAs - The wireless sensor networks scenario,https://www.webofscience.com/wos/woscc/full-record/WOS:000246097200059
Variable search space for software testing,https://www.webofscience.com/wos/woscc/full-record/WOS:000189460400138
Modified Estimation of Distribution Algorithm with Differential Mutation for Constrained Optimization,https://www.webofscience.com/wos/woscc/full-record/WOS:000326235301093
On the diversity of diversity,https://www.webofscience.com/wos/woscc/full-record/WOS:000256053700013
Influence of Selection on Structure Learning in Markov Network EDAs: An Empirical Study,https://www.webofscience.com/wos/woscc/full-record/WOS:000309611100032
The naive MIDEA: A baseline multi-objective EA,https://www.webofscience.com/wos/woscc/full-record/WOS:000229021300030
Advanced Parallel Copula Based EDA,https://www.webofscience.com/wos/woscc/full-record/WOS:000400488302108
Theory and practice of cellular UMDA for discrete optimization,https://www.webofscience.com/wos/woscc/full-record/WOS:000241446400025
Partial Structure Learning by Subset Walsh Transform,https://www.webofscience.com/wos/woscc/full-record/WOS:000343766000018
Enhancing the Performance of Maximum-Likelihood Gaussian EDAs Using Anticipated Mean Shift,https://www.webofscience.com/wos/woscc/full-record/WOS:000260673000014
An empirical study of hybrid genetic algorithms for the set covering problem,https://www.webofscience.com/wos/woscc/full-record/WOS:000231556900012
Program evolution with explicit learning,https://www.webofscience.com/wos/woscc/full-record/WOS:000221532900222
Rigorous Time Complexity Analysis of Univariate Marginal Distribution Algorithm with Margins,https://www.webofscience.com/wos/woscc/full-record/WOS:000274803101021
Estimation of Bayesian network algorithm with GA searching for better network structure,https://www.webofscience.com/wos/woscc/full-record/WOS:000189460400104
A Modified Estimation of Distribution Algorithm for Digital Filter Design,https://www.webofscience.com/wos/woscc/full-record/WOS:000306552400005
Not all linear functions are equally difficult for the compact genetic algorithm,https://www.webofscience.com/wos/woscc/full-record/WOS:000242040700102
A discrete estimation of distribution particle swarm optimization for combinatorial optimization problems,https://www.webofscience.com/wos/woscc/full-record/WOS:000250427900014
Improving OPT-GAN by Smooth Scale Mapping and Adaptive Exploration,https://www.webofscience.com/wos/woscc/full-record/WOS:001315691500013
A Memory Efficient and Continuous-valued Compact EDA for Large Scale Problems,https://www.webofscience.com/wos/woscc/full-record/WOS:000309611100036
Structural transfer using EDAs: An application to multi-marker tagging SNP selection,https://www.webofscience.com/wos/woscc/full-record/WOS:000312859300108
"The compact classifier system:: Motivation, analysis, and first results",https://www.webofscience.com/wos/woscc/full-record/WOS:000242040700289
Particle Swarm Optimization in the EDAs Framework,https://www.webofscience.com/wos/woscc/full-record/WOS:000292618100007
Stochastic Local Search in Continuous Domains Questions to be Answered When Designing A Novel Algorithm,https://www.webofscience.com/wos/woscc/full-record/WOS:000322071400062
A Cooperative Coevolution UMDA for the Machine-Part Cell Formation,https://www.webofscience.com/wos/woscc/full-record/WOS:000289449300054
Stochastic Diversity Loss and Scalability in Estimation of Distribution Genetic Programming,https://www.webofscience.com/wos/woscc/full-record/WOS:000322833200001
A multi dynamics algorithm for global optimization,https://www.webofscience.com/wos/woscc/full-record/WOS:000280933700045
A Random Key based Estimation of Distribution Algorithm for the Permutation Flowshop Scheduling Problem,https://www.webofscience.com/wos/woscc/full-record/WOS:000426929700304
A Niching Scheme for EDAs to Reduce Spurious Dependencies,https://www.webofscience.com/wos/woscc/full-record/WOS:000321981300048
Active Learning of Pareto Fronts,https://www.webofscience.com/wos/woscc/full-record/WOS:000331985500006
Variance Scaling for EDAs Revisited,https://www.webofscience.com/wos/woscc/full-record/WOS:000305357000016
A multi-objective car sequencing problem on two-sided assembly lines,https://www.webofscience.com/wos/woscc/full-record/WOS:000445223200013
Evolutionary Bayesian classifier-based optimization in continuous domains,https://www.webofscience.com/wos/woscc/full-record/WOS:000242556300067
Multimodality and the Linkage-Learning Difficulty of Additive ly Separable Functions,https://www.webofscience.com/wos/woscc/full-record/WOS:000364333000047
Truncation selection and Gaussian EDA:: Bounds for sustainable progress in high-dimensional spaces,https://www.webofscience.com/wos/woscc/full-record/WOS:000254509400058
Emojinating: Evolving Emoji Blends,https://www.webofscience.com/wos/woscc/full-record/WOS:000907585000008
Evolutionary continuous optimization by distribution estimation with variational Bayesian independent component analyzers mixture model,https://www.webofscience.com/wos/woscc/full-record/WOS:000224103300022
Optimal Hyper-Parameter Tuning of SVM Classifiers With Application to Medical Diagnosis,https://www.webofscience.com/wos/woscc/full-record/WOS:000427506400001
Evacuation planning via evolutionary computation,https://www.webofscience.com/wos/woscc/full-record/WOS:000245414200021
Genetic algorithms and Darwinian approaches in financial applications: A survey,https://www.webofscience.com/wos/woscc/full-record/WOS:000360772500035
Bayesian Optimization Algorithm with Random Immigration,https://www.webofscience.com/wos/woscc/full-record/WOS:000346422500073
A New Discrete Particle Swarm Optimization Algorithm,https://www.webofscience.com/wos/woscc/full-record/WOS:000382659200009
Compact Bacterial Foraging Optimization,https://www.webofscience.com/wos/woscc/full-record/WOS:000314209500010
Do Multiple Trials Help Univariate Methods?,https://www.webofscience.com/wos/woscc/full-record/WOS:000312932600323
How Can Artificial Neural Networks Help Making the Intractable Search Spaces Tractable,https://www.webofscience.com/wos/woscc/full-record/WOS:000263406502119
Population sizing of dependency detection by fitness difference classification,https://www.webofscience.com/wos/woscc/full-record/WOS:000230881900015
Evolutionary Optimization of Compiler Flag Selection by Learning and Exploiting Flags Interactions,https://www.webofscience.com/wos/woscc/full-record/WOS:000383741800160
Bayesian evolutionary algorithms for continuous function optimization,https://www.webofscience.com/wos/woscc/full-record/WOS:000172263900072
Addressing Sampling Errors and Diversity Loss in UMDA,https://www.webofscience.com/wos/woscc/full-record/WOS:000268226900101
A new approach belonging to EDAs: Quantum-inspired genetic algorithm with only one chromosome,https://www.webofscience.com/wos/woscc/full-record/WOS:000232246700017
A novel ensemble approach for cancer data classification,https://www.webofscience.com/wos/woscc/full-record/WOS:000247831300143
Model Accuracy for Hierarchical Problems,https://www.webofscience.com/wos/woscc/full-record/WOS:000284970100177
The Impact of Exact Probabilistic Learning Algorithms in EDAs Based on Bayesian Networks,https://www.webofscience.com/wos/woscc/full-record/WOS:000271865000006
Positive definite nonparametric regression using an evolutionary algorithm with application to covariance function estimation,https://www.webofscience.com/wos/woscc/full-record/WOS:001031455100056
Novel swarm optimization for mining classification rules on thyroid gland data,https://www.webofscience.com/wos/woscc/full-record/WOS:000303093100005
Incorporating a metropolis method in a distribution estimation using Markov random field algorithm,https://www.webofscience.com/wos/woscc/full-record/WOS:000232173100342
A novel discrete particle swarm optimization based on estimation of distribution,https://www.webofscience.com/wos/woscc/full-record/WOS:000250577100083
The parallel Bayesian Optimization Algorithm,https://www.webofscience.com/wos/woscc/full-record/WOS:000166633000011
Binary rule encoding schemes:: A study using the compact classifier system,https://www.webofscience.com/wos/woscc/full-record/WOS:000246042000004
Evolving a Population Code for Multimodal Concept Learning,https://www.webofscience.com/wos/woscc/full-record/WOS:000312932600097
Probabilistic Model Building GP with Belief Propagation,https://www.webofscience.com/wos/woscc/full-record/WOS:000312859302045
Migration of probability models instead of individuals:: An alternative when applying the island model to EDAs,https://www.webofscience.com/wos/woscc/full-record/WOS:000224103300025
Interaction-Detection Metric with Differential Mutual Complement for Dependency Structure Matrix Genetic Algorithm,https://www.webofscience.com/wos/woscc/full-record/WOS:000287375801070
Component-based Visual Evolutionary Computation,https://www.webofscience.com/wos/woscc/full-record/WOS:000380618400054
A Pareto block-based estimation and distribution algorithm for multi-objective permutation flow shop scheduling problem,https://www.webofscience.com/wos/woscc/full-record/WOS:000345372500007
Combination of EDA and DE for Continuous Biobjective Optimization,https://www.webofscience.com/wos/woscc/full-record/WOS:000263406500217
Model-Based Algorithm Configuration with Default-Guided Probabilistic Sampling,https://www.webofscience.com/wos/woscc/full-record/WOS:001299686400007
A Boltzmann based estimation of distribution algorithm,https://www.webofscience.com/wos/woscc/full-record/WOS:000318747800009
A comparison of probabilistic-based optimization approaches for vehicle routing problems,https://www.webofscience.com/wos/woscc/full-record/WOS:000426929700335
UNIFICATION AND DIVERSITY OF COMPUTATION MODELS FOR GENERALIZED SWARM INTELLIGENCE,https://www.webofscience.com/wos/woscc/full-record/WOS:000305795900004
An Adaptive Niching EDA Based on Clustering Analysis,https://www.webofscience.com/wos/woscc/full-record/WOS:000287375803094
"Hybrid binary GA-EDA algorithms for complex ""black-box"" optimization problems",https://www.webofscience.com/wos/woscc/full-record/WOS:000398966100019
A New EDA with Dimension Reduction Technique for Large Scale Many-Objective Optimization,https://www.webofscience.com/wos/woscc/full-record/WOS:001315720200033
Evolutionary optimization by distribution estimation with. mixtures of factor Analyzers,https://www.webofscience.com/wos/woscc/full-record/WOS:000180919800238
Evolutionary Approach for Interpretable Feature Selection Algorithm in Manufacturing Industry,https://www.webofscience.com/wos/woscc/full-record/WOS:001010146600001
Data Visualization Scenarios for the Analysis of Computational Evolutionary Techniques,https://www.webofscience.com/wos/woscc/full-record/WOS:000507461900047
"Maximal Nonlinearity in Balanced Boolean Functions with Even Number of Inputs, Revisited",https://www.webofscience.com/wos/woscc/full-record/WOS:000390749103053
A Preliminary Study on EDAs for Permutation Problems Based on Marginal-based Models,https://www.webofscience.com/wos/woscc/full-record/WOS:000322137100077
A hybrid optimization algorithm based on chaotic differential evolution and estimation of distribution,https://www.webofscience.com/wos/woscc/full-record/WOS:000394575200024
Automatic Image Segmentation Using Active Contours with Univariate Marginal Distribution,https://www.webofscience.com/wos/woscc/full-record/WOS:000328031800001
Quantum-Inspired Evolutionary Algorithm: A Multimodel EDA,https://www.webofscience.com/wos/woscc/full-record/WOS:000272319600003
Discrete particle swarm optimization based on estimation of distribution for polygonal approximation problems,https://www.webofscience.com/wos/woscc/full-record/WOS:000264782800073
Continuous Gaussian Estimation of Distribution Algorithm,https://www.webofscience.com/wos/woscc/full-record/WOS:000312969600023
A Simple Greedy Heuristic for Site Specific Management Zone Problem,https://www.webofscience.com/wos/woscc/full-record/WOS:000832104100001
The compact classifier system:: Scalability analysis and first results,https://www.webofscience.com/wos/woscc/full-record/WOS:000232173100078
A model-based evolutionary algorithm for bi-objective optimization,https://www.webofscience.com/wos/woscc/full-record/WOS:000232173100341
Adequate Variance Maintenance in a Normal EDA via the Potential-Selection Method,https://www.webofscience.com/wos/woscc/full-record/WOS:000312463200014
When Does Dependency Modelling Help? Using a Randomized Landscape Generator to Compare Algorithms in Terms of Problem Structure,https://www.webofscience.com/wos/woscc/full-record/WOS:000286565200010
A Framework for Multi-model EDAs with Model Recombination,https://www.webofscience.com/wos/woscc/full-record/WOS:000302387400031
ClusterMI: Building Probabilistic Models Using Hierarchical Clustering and Mutual Information,https://www.webofscience.com/wos/woscc/full-record/WOS:000277912300006
A Versatile Quantum-inspired Evolutionary Algorithm,https://www.webofscience.com/wos/woscc/full-record/WOS:000256053700056
Estimation Multivariate Normal Algorithm with Thresheld Convergence,https://www.webofscience.com/wos/woscc/full-record/WOS:000390749103079
Face Recognition by Global Optimal Discriminant Features and Ensemble Artificial Neural Networks,https://www.webofscience.com/wos/woscc/full-record/WOS:000288110500060
Parallel Stochastic search for protein secondary structure prediction,https://www.webofscience.com/wos/woscc/full-record/WOS:000221559200149
Investigating binary EAs for Passive In-Building Distributed Antenna Systems,https://www.webofscience.com/wos/woscc/full-record/WOS:000703866100265
Use of heuristic rules in evolutionary methods for the selection of optimal investment portfolios,https://www.webofscience.com/wos/woscc/full-record/WOS:000256053700028
Parallel and multi-objective EDAs to create multivariate calibration models for quantitative chemical applications,https://www.webofscience.com/wos/woscc/full-record/WOS:000230570200072
Pairwise Interactions Induced Probabilistic Model Building,https://www.webofscience.com/wos/woscc/full-record/WOS:000277912300005
Single-stage to orbit ascent trajectory optimisation with reliable evolutionary initial guess,https://www.webofscience.com/wos/woscc/full-record/WOS:000720702500002
Bayesian methods to estimate future load in web farms,https://www.webofscience.com/wos/woscc/full-record/WOS:000221807000022
"Reproductive bias, linkage learning and diversity preservation in bi-objective evolutionary optimization",https://www.webofscience.com/wos/woscc/full-record/WOS:000473374800010
Two new feature selection algorithms with Rough Sets Theory,https://www.webofscience.com/wos/woscc/full-record/WOS:000240380300022
A New Grammatical Evolution Based on Probabilistic Context-free Grammar,https://www.webofscience.com/wos/woscc/full-record/WOS:000380559600001
Updating the probability vector using MRF technique for a Univariate EDA,https://www.webofscience.com/wos/woscc/full-record/WOS:000225469300002
Inducing pairwise gene interactions from time-series data by EDA based Bayesian Network,https://www.webofscience.com/wos/woscc/full-record/WOS:000238998406273
Comparing Solution Combination Techniques in Scatter Search for Quadratic Unconstrained Binary Optimization,https://www.webofscience.com/wos/woscc/full-record/WOS:001117972600349
Compact Differential Evolution Light: High Performance Despite Limited Memory Requirement and Modest Computational Overhead,https://www.webofscience.com/wos/woscc/full-record/WOS:000309193600012
The limitations of distribution sampling for linkage learning,https://www.webofscience.com/wos/woscc/full-record/WOS:000256053700048
MODIFIED UNIVARIATE MARGINAL DISTIBUTION ALGORITHM COMBINATION WITH EXTREMAL OPTIMIZATION AND LEARNING AUTOMATA,https://www.webofscience.com/wos/woscc/full-record/WOS:000307481500129
Estimating distributions in genetic algorithms,https://www.webofscience.com/wos/woscc/full-record/WOS:000188096800065
Detecting General Problem Structures with Inductive Linkage Identification,https://www.webofscience.com/wos/woscc/full-record/WOS:000399726300078
Many Independent Objective Estimation of Distribution Search for Android Testing,https://www.webofscience.com/wos/woscc/full-record/WOS:001315651000003
Evolving Mixtures of n-gram Models for Sequencing and Schedule Optimization,https://www.webofscience.com/wos/woscc/full-record/WOS:000358196900031
Mutation Hopfield neural network and its applications,https://www.webofscience.com/wos/woscc/full-record/WOS:000284511100006
Inferior Solutions in Gaussian EDA: Useless or Useful?,https://www.webofscience.com/wos/woscc/full-record/WOS:000426929700040
Covariance matrix repairing in Gaussian based EDAs,https://www.webofscience.com/wos/woscc/full-record/WOS:000256053700055
Use Model Building On Discretization Algorithms For Discrete EDAs To Work On Real-Valued Problems,https://www.webofscience.com/wos/woscc/full-record/WOS:000356684603061
Discrete Mutation Hopfield Neural Network in Propositional Satisfiability,https://www.webofscience.com/wos/woscc/full-record/WOS:000502288700130
Probabilistically Guided Prefix Gene Expression Programming,https://www.webofscience.com/wos/woscc/full-record/WOS:000262048100002
Model based human motion tracking using probability evolutionary algorithm,https://www.webofscience.com/wos/woscc/full-record/WOS:000258817900016
Optimization of noisy fitness functions with univariate marginal distribution algorithm,https://www.webofscience.com/wos/woscc/full-record/WOS:000232173100188
Memetic optimization of video chain designs,https://www.webofscience.com/wos/woscc/full-record/WOS:000225040600101
Extending Population Based Incremental Learning using Dirichlet Processes,https://www.webofscience.com/wos/woscc/full-record/WOS:000326235301088
A Square Lattice Probability Model for Optimising the Graph Partitioning Problem,https://www.webofscience.com/wos/woscc/full-record/WOS:000426929700210
Enhancing the scalability of multi-objective optimization via restricted Boltzmann machine-based estimation of distribution algorithm,https://www.webofscience.com/wos/woscc/full-record/WOS:000324350000012
A random forest-regression-based inverse-modeling evolutionary algorithm using uniform reference points,https://www.webofscience.com/wos/woscc/full-record/WOS:000871322500009
CROSS-ENTROPY FOR MONTE-CARLO TREE SEARCH,https://www.webofscience.com/wos/woscc/full-record/WOS:000263788400002
Improving model combination through local search in parallel univariate EDAs,https://www.webofscience.com/wos/woscc/full-record/WOS:000232173100190
Hybridisation of evolutionary programming and machine learning with k-nearest neighbor estimation,https://www.webofscience.com/wos/woscc/full-record/WOS:000256053701039
Learning Bayesian Network Structures with GOMEA,https://www.webofscience.com/wos/woscc/full-record/WOS:000579327800131
Evolutionary Optimization,https://www.webofscience.com/wos/woscc/full-record/WOS:000301089900001
An adaptive multiobjective estimation of distribution algorithm with a novel Gaussian sampling strategy,https://www.webofscience.com/wos/woscc/full-record/WOS:000411868100013
EDNA:: Estimation of dependency networks algorithm,https://www.webofscience.com/wos/woscc/full-record/WOS:000247802100043
Parameter-less hierarchical Bayesian optimization algorithm,https://www.webofscience.com/wos/woscc/full-record/WOS:000246337500011
Introducing l1-regularized Logistic Regression in Markov Networks based EDAs,https://www.webofscience.com/wos/woscc/full-record/WOS:000312932600214
Bi-Variate Artificial Chromosomes with Genetic Algorithm for Single Machine Scheduling Problems with Sequence-Dependent Setup Times,https://www.webofscience.com/wos/woscc/full-record/WOS:000312932600007
A model reference adaptive search method for global optimization,https://www.webofscience.com/wos/woscc/full-record/WOS:000248668200011
Optimization in continuous domain by real-coded estimation of distribution algorithm,https://www.webofscience.com/wos/woscc/full-record/WOS:000221600700027
Graphical model based continuous estimation of distribution algorithm,https://www.webofscience.com/wos/woscc/full-record/WOS:000405457500029
Behaviour of UMDAc with truncation selection on monotonous functions,https://www.webofscience.com/wos/woscc/full-record/WOS:000232173100339
A Multiobjective Estimation of Distribution Algorithm Based on Artificial Bee Colony,https://www.webofscience.com/wos/woscc/full-record/WOS:000346422500064
Minimal Walsh Structure and Ordinal Linkage of Monotonicity-Invariant Function Classes on Bit Strings,https://www.webofscience.com/wos/woscc/full-record/WOS:000364333000043
Sporadic model building for efficiency enhancement of hierarchical BOA,https://www.webofscience.com/wos/woscc/full-record/WOS:000249917300064
Kernels of Mallows Models under the Hamming Distance for solving the Quadratic Assignment Problem,https://www.webofscience.com/wos/woscc/full-record/WOS:000599930700006
"Time series forecasting by evolving artificial neural networks with genetic algorithms, differential evolution and estimation of distribution algorithm",https://www.webofscience.com/wos/woscc/full-record/WOS:000313062100003
Using metaheuristic algorithms for parameter estimation in generalized Mallows models,https://www.webofscience.com/wos/woscc/full-record/WOS:000366805900022
A Novel EDAs Based Method for HP Model Protein Folding,https://www.webofscience.com/wos/woscc/full-record/WOS:000274803100041
Metaheuristic approaches to the placement of suicide bomber detectors,https://www.webofscience.com/wos/woscc/full-record/WOS:000432802000011
Adaptive Evolutionary Algorithm Based on a Cliqued Gibbs Sampling over Graphical Markov Model Structure,https://www.webofscience.com/wos/woscc/full-record/WOS:000324600300008
NichingEDA: Utilizing the Diversity Inside A Population of EDAs For Continuous Optimization,https://www.webofscience.com/wos/woscc/full-record/WOS:000263406500191
Studying XCS/BOA learning in boolean functions: Structure encoding and random Boolean functions,https://www.webofscience.com/wos/woscc/full-record/WOS:000249917300214
Population-Based Incremental Learning for Effective IoT Service Composition with Replication,https://www.webofscience.com/wos/woscc/full-record/WOS:001331809000009
Compact representations as a search strategy: Compression EDAs,https://www.webofscience.com/wos/woscc/full-record/WOS:000240221500005
Multi-population and diffusion UMDA for dynamic multimodal problems,https://www.webofscience.com/wos/woscc/full-record/WOS:000283633200010
Bayesian networks for interpretable machine learning and optimization,https://www.webofscience.com/wos/woscc/full-record/WOS:000687473600006
Novel Metaheuristic Approach: Integration of Variables Method (IVM) and Human-Machine Interaction for Subjective Evaluation,https://www.webofscience.com/wos/woscc/full-record/WOS:000502759200046
Can Compact Optimisation Algorithms Be Structurally Biased?,https://www.webofscience.com/wos/woscc/full-record/WOS:001299686400016
Estimation of Bayesian networks algorithms in a class of complex networks,https://www.webofscience.com/wos/woscc/full-record/WOS:000287375804058
Multi-objective Gene-pool Optimal Mixing Evolutionary Algorithms,https://www.webofscience.com/wos/woscc/full-record/WOS:000364333000046
Multiobjective decomposition-based Mallows Models estimation of distribution algorithm. A case of study for permutation flowshop scheduling problem,https://www.webofscience.com/wos/woscc/full-record/WOS:000399506800009
Balancing the Diversification-Intensification Trade-off Using Mixtures of Probability Models,https://www.webofscience.com/wos/woscc/full-record/WOS:000451175500074
DEUM - A Fully Multivariate EDA Based on Markov Networks,https://www.webofscience.com/wos/woscc/full-record/WOS:000277912300004
Integrative Probabilistic Evolving Spiking Neural Networks Utilising Quantum Inspired Evolutionary Algorithm: A Computational Framework,https://www.webofscience.com/wos/woscc/full-record/WOS:000272340200001
Niching an Estimation-of-Distribution Algorithm by Hierarchical Gaussian Mixture Learning,https://www.webofscience.com/wos/woscc/full-record/WOS:000530095200090
Population sizing for inductive linkage identification,https://www.webofscience.com/wos/woscc/full-record/WOS:000311084900001
Improving the Clustering Algorithms Automatic Generation Process with Cluster Quality Indexes,https://www.webofscience.com/wos/woscc/full-record/WOS:000719671100073
How effective is Cauchy-EDA in high dimensions?,https://www.webofscience.com/wos/woscc/full-record/WOS:000390749103077
Performance comparison between parallel GA based on linkage identification and parallel Bayesian optimization algorithm,https://www.webofscience.com/wos/woscc/full-record/WOS:000227836700025
The Compact Genetic Algorithm is Efficient Under Extreme Gaussian Noise,https://www.webofscience.com/wos/woscc/full-record/WOS:000402122600010
Structural Coherence of Problem and Algorithm: An Analysis for EDAs on all 2-bit and 3-bit Problems,https://www.webofscience.com/wos/woscc/full-record/WOS:000380444802013
Integrative Probabilistic Evolving Spiking Neural Networks Utilising Quantum Inspired Evolutionary Algorithm: A Computational Framework,https://www.webofscience.com/wos/woscc/full-record/WOS:000274201700019
Large Scale Continuous EDA Using Mutual Information,https://www.webofscience.com/wos/woscc/full-record/WOS:000390749103116
Estimating probability distribution with Q-learning for biped gait generation and optimization,https://www.webofscience.com/wos/woscc/full-record/WOS:000245452400060
A comparative study of variation operators used for evolutionary multi-objective optimization,https://www.webofscience.com/wos/woscc/full-record/WOS:000336700500002
Compact genetic codes as a search strategy of evolutionary processes,https://www.webofscience.com/wos/woscc/full-record/WOS:000230881900005
Covariance matrix adaptive strategy for a multi-objective evolutionary algorithm based on reference point,https://www.webofscience.com/wos/woscc/full-record/WOS:000595520600103
BAIS: A Bayesian Artificial Immune System for the effective handling of building blocks,https://www.webofscience.com/wos/woscc/full-record/WOS:000265079600005
Gesture segmentation based on a two-phase estimation of distribution algorithm,https://www.webofscience.com/wos/woscc/full-record/WOS:000396973000006
Decentralized Multi-objective Robust Control of Interconnected Fuzzy Singular Perturbed Model with Multiple Perturbation Parameters,https://www.webofscience.com/wos/woscc/full-record/WOS:000309188200303
Hybrid Approaches and Dimensionality Reduction for Portfolio Selection with Cardinality Constraints,https://www.webofscience.com/wos/woscc/full-record/WOS:000276821200007
Exploiting Bivariate Dependencies to Speedup Structure Learning in Bayesian Optimization Algorithm,https://www.webofscience.com/wos/woscc/full-record/WOS:000309193600013
Minimization of the Total Traveling Distance and Maximum Distance by Using a Transformed-Based Encoding EDA to Solve the Multiple Traveling Salesmen Problem,https://www.webofscience.com/wos/woscc/full-record/WOS:000362023800001
Log-log Convergence for Noisy Optimization,https://www.webofscience.com/wos/woscc/full-record/WOS:000345588800002
Combining information from thresholding techniques through an evolutionary Bayesian network algorithm,https://www.webofscience.com/wos/woscc/full-record/WOS:000529902300034
A Distance-Based Two-Stage Ecological Driving System Using an Estimation of Distribution Algorithm and Model Predictive Control,https://www.webofscience.com/wos/woscc/full-record/WOS:000407686300006
Compact Optimization Algorithms with Re-Sampled Inheritance,https://www.webofscience.com/wos/woscc/full-record/WOS:000896368400035
On the performance of linkage-tree genetic algorithms for the multidimensional knapsack problem,https://www.webofscience.com/wos/woscc/full-record/WOS:000342529500003
Stochastic Natural Gradient Descent by Estimation of Empirical Covariances,https://www.webofscience.com/wos/woscc/full-record/WOS:000312932600130
Artificial chromosomes with genetic algorithm 2 (ACGA2) for single machine scheduling problems with sequence-dependent setup times,https://www.webofscience.com/wos/woscc/full-record/WOS:000331545600015
Improving the exploitation in the estimation of distribution algorithm through simulated annealing strategies for solar energy problems,https://www.webofscience.com/wos/woscc/full-record/WOS:001409369200001
Using Memory Models to Improve Adaptive Efficiency in Dynamic Problems,https://www.webofscience.com/wos/woscc/full-record/WOS:000268921700002
Linkage learning by number of function evaluations estimation: Practical view of building blocks,https://www.webofscience.com/wos/woscc/full-record/WOS:000316042900012
Machine learning enhancing metaheuristics: a systematic review,https://www.webofscience.com/wos/woscc/full-record/WOS:001037116500001
The estimation of distributions and the minimum relative entropy principle,https://www.webofscience.com/wos/woscc/full-record/WOS:000227633700003
Linkage identification for real-valued loci by fitness difference classification,https://www.webofscience.com/wos/woscc/full-record/WOS:000232173100176
Multi-objective optimization based on an improved cross-entropy method. A case study of a micro-scale manufacturing process,https://www.webofscience.com/wos/woscc/full-record/WOS:000370088500009
The Benefit of Recombination in Noisy Evolutionary Search,https://www.webofscience.com/wos/woscc/full-record/WOS:000383741800081
Analyzing the k Most Probable Solutions in EDAs Based on Bayesian Networks,https://www.webofscience.com/wos/woscc/full-record/WOS:000277912300008
A Classification-Based Model for Multi-Objective Hyperspectral Sparse Unmixing,https://www.webofscience.com/wos/woscc/full-record/WOS:000505701800009
R-EVO: A Reactive Evolutionary Algorithm for the Maximum Clique Problem,https://www.webofscience.com/wos/woscc/full-record/WOS:000297586200002
Other Cellular Models,https://www.webofscience.com/wos/woscc/full-record/WOS:000269806800011
Re-sampled inheritance compact optimization,https://www.webofscience.com/wos/woscc/full-record/WOS:000582515800001
Multi-Structure Problems: Difficult Model Learning in Discrete EDAs,https://www.webofscience.com/wos/woscc/full-record/WOS:000390749103082
A hyper-heuristic guided by a probabilistic graphical model for single-objective real-parameter optimization,https://www.webofscience.com/wos/woscc/full-record/WOS:000836759100002
Biasing Bayesian Optimization Algorithm using Case Based Reasoning,https://www.webofscience.com/wos/woscc/full-record/WOS:000295244800013
On the performance of the Bayesian optimization algorithm with combined scenarios of search algorithms and scoring metrics,https://www.webofscience.com/wos/woscc/full-record/WOS:000781301800001
Combining CMA-ES and MOEA/DD for many-objective optimization,https://www.webofscience.com/wos/woscc/full-record/WOS:000426929700187
Symbolic modeling of epistasis,https://www.webofscience.com/wos/woscc/full-record/WOS:000244256500007
Two approaches of using heavy tails in high dimensional EDA,https://www.webofscience.com/wos/woscc/full-record/WOS:000389255100089
A new measure for gene expression biclustering based on non-parametric correlation,https://www.webofscience.com/wos/woscc/full-record/WOS:000325750100006
Nature-inspired Approaches for Distance Metric Learning in Multivariate Time Series Classification,https://www.webofscience.com/wos/woscc/full-record/WOS:000426929700258
Animal communication of fear and safety related to foraging behavior and fitness: An individual-based modeling approach,https://www.webofscience.com/wos/woscc/full-record/WOS:000497253700009
Working principles of binary differential evolution,https://www.webofscience.com/wos/woscc/full-record/WOS:000501614300006
Elitism-based compact genetic algorithms,https://www.webofscience.com/wos/woscc/full-record/WOS:000184819400004
Bayesian Optimization Algorithm Applied to Uncertainty Quantification,https://www.webofscience.com/wos/woscc/full-record/WOS:000309147700017
Microgrids energy management considering net-zero energy concept: The role of renewable energy landscaping design and IoT modeling in digital twin realistic simulator,https://www.webofscience.com/wos/woscc/full-record/WOS:001178584200001
